<?xml version="1.0" encoding="UTF-8"?>
<h:html xmlns="http://www.w3.org/2002/xforms"
  xmlns:ev="http://www.w3.org/2001/xml-events"
  xmlns:h="http://www.w3.org/1999/xhtml"
  xmlns:jr="http://openrosa.org/javarosa"
  xmlns:odk="http://www.opendatakit.org/xforms"
  xmlns:orx="http://openrosa.org/xforms"
  xmlns:xsd="http://www.w3.org/2001/XMLSchema">
  <h:head>
    <h:title>(Nov 2021) Pre-TAS FL - 2. Inscrição V2</h:title>
    <model >

      <instance>
        <data id="mz_lf_pretas_2_participant_202111_v2">
          <p_recorder_id/>
          <p_province/>
          <p_district/>
          <p_cluster_name/>
          <p_cluster_id/>
          <p_consent/>
          <p_sex/>
          <p_age_yrs/>
          <p_how_long_lived/>
          <p_id_sequence/>
          <p_code_id/>
          <p_residence_type/>
          <p_house_type/>
          <p_education_degree/>
          <p_occupation/>
          <p_participate_last_mda/>
          <p_possess_net/>
          <p_use_net/>
          <p_disease_knowledge/>
          <p_disease_knowledge_other/>
          <p_ending_survey_note/>
          <p_notes/>
          <p_start/>
          <p_end/>
          <meta>
            <instanceID/>
          </meta>
        </data>
      </instance>

      <itext>
        <translation lang="English">
          <text id="/data/p_recorder_id:jr:constraintMsg">
            <value>The code must be a two-digit number between 9 and 100</value>
          </text>
          <text id="/data/p_recorder_id:label">
            <value>Enter Recorder ID</value>
          </text>
          <text id="/data/p_recorder_id:hint">
            <value>If you are the only recorder on your team, this may be called a "team ID". Recorder ID is the 2-digit code assigned to you or your team.</value>
          </text>
          <text id="/data/p_province:label">
            <value>Select your province</value>
          </text>
          <text id="/data/p_district:label">
            <value>Select your district</value>
          </text>
          <text id="/data/p_cluster_name:label">
            <value>Select your cluster</value>
          </text>
          <text id="/data/p_cluster_id:label">
            <value>Select Cluster code</value>
          </text>
          <text id="/data/p_consent:label">
            <value>Does respondent provide consent?</value>
          </text>
          <text id="/data/p_consent/Sim:label">
            <value>Yes</value>
          </text>
          <text id="/data/p_consent/Nao:label">
            <value>No</value>
          </text>
          <text id="/data/p_sex:label">
            <value>Sex of respondent</value>
          </text>
          <text id="/data/p_sex/Masculino:label">
            <value>Male</value>
          </text>
          <text id="/data/p_sex/Feminino:label">
            <value>Female</value>
          </text>
          <text id="/data/p_age_yrs:jr:constraintMsg">
            <value>The age must be between 5 and 150 years</value>
          </text>
          <text id="/data/p_age_yrs:label">
            <value>Enter age in years</value>
          </text>
          <text id="/data/p_how_long_lived:jr:constraintMsg">
            <value>The value must not be greater than the age</value>
          </text>
          <text id="/data/p_how_long_lived:label">
            <value>How many years has the respondent lived in the area?</value>
          </text>
          <text id="/data/p_id_sequence:jr:constraintMsg">
            <value>The number must be greater than 0</value>
          </text>
          <text id="/data/p_id_sequence:label">
            <value>Enter the sequence ID</value>
          </text>
          <text id="/data/p_code_id:label">
            <value>Please record the following unique ID code for the respondent on a separate list and on each diagnostic test(s) administered</value>
          </text>
          <text id="/data/p_residence_type:label">
            <value>Residence area</value>
          </text>
          <text id="/data/p_residence_type/Rural:label">
            <value>Rural</value>
          </text>
          <text id="/data/p_residence_type/Urbana:label">
            <value>urban</value>
          </text>
          <text id="/data/p_house_type:label">
            <value>Type of housing</value>
          </text>
          <text id="/data/p_house_type/Construção convencional:label">
            <value>Conventional construction</value>
          </text>
          <text id="/data/p_house_type/Pau a pique:label">
            <value>Rickety</value>
          </text>
          <text id="/data/p_house_type/Madeira e zinco:label">
            <value>Wood and zinc</value>
          </text>
          <text id="/data/p_house_type/Material local:label">
            <value>Local material</value>
          </text>
          <text id="/data/p_house_type/Adobe:label">
            <value>Adobe</value>
          </text>
          <text id="/data/p_education_degree:label">
            <value>Degree of education</value>
          </text>
          <text id="/data/p_education_degree/Nunca frequentou a escola:label">
            <value>never attended school</value>
          </text>
          <text id="/data/p_education_degree/Ensino primário:label">
            <value>Primary school</value>
          </text>
          <text id="/data/p_education_degree/Ensino Secundário:label">
            <value>High school</value>
          </text>
          <text id="/data/p_education_degree/Ensino Técnico profissional:label">
            <value>professional technical education</value>
          </text>
          <text id="/data/p_education_degree/Ensino Superior:label">
            <value>University education</value>
          </text>
          <text id="/data/p_occupation:label">
            <value>Occupation</value>
          </text>
          <text id="/data/p_occupation/Desempregado:label">
            <value>Desempregado</value>
          </text>
          <text id="/data/p_occupation/Estudante:label">
            <value>Estudante</value>
          </text>
          <text id="/data/p_occupation/Agricultor:label">
            <value>Agricultor</value>
          </text>
          <text id="/data/p_occupation/Pescador:label">
            <value>Pescador</value>
          </text>
          <text id="/data/p_occupation/Silvicultura:label">
            <value>Silvicultura</value>
          </text>
          <text id="/data/p_occupation/Função publica:label">
            <value>Função publica</value>
          </text>
          <text id="/data/p_occupation/Empreendedor:label">
            <value>Empreendedor</value>
          </text>
          <text id="/data/p_occupation/Outro:label">
            <value>Outro</value>
          </text>
          <text id="/data/p_participate_last_mda:label">
            <value>Adherence to the latest preventive chemotherapy (MDA campaigns):</value>
          </text>
          <text id="/data/p_participate_last_mda/Sim:label">
            <value>Yes</value>
          </text>
          <text id="/data/p_participate_last_mda/Não:label">
            <value>Not</value>
          </text>
          <text id="/data/p_participate_last_mda/Não me lembro:label">
            <value>I do not remember</value>
          </text>
          <text id="/data/p_possess_net:label">
            <value>Preventive measures against mosquitoes: Possession of mosquito net: Yes/No</value>
          </text>
          <text id="/data/p_possess_net/Sim:label">
            <value>Yes</value>
          </text>
          <text id="/data/p_possess_net/Nao:label">
            <value>No</value>
          </text>
          <text id="/data/p_use_net:label">
            <value>Preventive measures against mosquitoes: Use mosquito net: Yes/No</value>
          </text>
          <text id="/data/p_use_net/Sim:label">
            <value>Yes</value>
          </text>
          <text id="/data/p_use_net/Nao:label">
            <value>No</value>
          </text>
          <text id="/data/p_disease_knowledge:label">
            <value>Knowledge of the disease (symptoms/signs):</value>
          </text>
          <text id="/data/p_disease_knowledge/Hidrocelo:label">
            <value>hydrocele</value>
          </text>
          <text id="/data/p_disease_knowledge/Paralisia:label">
            <value>Paralysis</value>
          </text>
          <text id="/data/p_disease_knowledge/Linfedema:label">
            <value>lymphedema</value>
          </text>
          <text id="/data/p_disease_knowledge/Barriga grande:label">
            <value>Big belly</value>
          </text>
          <text id="/data/p_disease_knowledge/Hematuria:label">
            <value>Hematuria</value>
          </text>
          <text id="/data/p_disease_knowledge/Outro:label">
            <value>Other --------------</value>
          </text>
          <text id="/data/p_disease_knowledge_other:label">
            <value>Please specify other</value>
          </text>
          <text id="/data/p_ending_survey_note:label">
            <value>You just entered a value that will end the survey</value>
          </text>
          <text id="/data/p_notes:label">
            <value>Additional Notes</value>
          </text>
        </translation>
        <translation default="true()" lang="Portuguese">
          <text id="/data/p_recorder_id:jr:constraintMsg">
            <value>O código deve ser um número de dois dígitos entre 9 e 100</value>
          </text>
          <text id="/data/p_recorder_id:label">
            <value>Insira o ID do inqueridor</value>
          </text>
          <text id="/data/p_recorder_id:hint">
            <value>Se você for o único registrador/inqueridor na sua equipe, isso pode ser chamado de "ID de equipe". ID do inqueridor é o código de 2 dígitos fornecido a você ou à sua equipe.</value>
          </text>
          <text id="/data/p_province:label">
            <value>Selecione o Província</value>
          </text>
          <text id="/data/p_district:label">
            <value>Selecione o distrito</value>
          </text>
          <text id="/data/p_cluster_name:label">
            <value>Selecione o conglomerado (Comunidade)</value>
          </text>
          <text id="/data/p_cluster_id:label">
            <value>Selecione o código do conglomerado (Comunidade)</value>
          </text>
          <text id="/data/p_consent:label">
            <value>O entrevistado deu o consentimento?</value>
          </text>
          <text id="/data/p_consent/Sim:label">
            <value>Sim</value>
          </text>
          <text id="/data/p_consent/Nao:label">
            <value>Não</value>
          </text>
          <text id="/data/p_sex:label">
            <value>Sexo do entrevistado</value>
          </text>
          <text id="/data/p_sex/Masculino:label">
            <value>Masculino</value>
          </text>
          <text id="/data/p_sex/Feminino:label">
            <value>Feminino</value>
          </text>
          <text id="/data/p_age_yrs:jr:constraintMsg">
            <value>A idade deve estar entre 5 e 150 anos</value>
          </text>
          <text id="/data/p_age_yrs:label">
            <value>Introduza a idade em anos</value>
          </text>
          <text id="/data/p_how_long_lived:jr:constraintMsg">
            <value>O valor não deve ser maior que a idade</value>
          </text>
          <text id="/data/p_how_long_lived:label">
            <value>Há quantos anos o entrevistado vive na área?</value>
          </text>
          <text id="/data/p_id_sequence:jr:constraintMsg">
            <value>O número deve ser maior que 0</value>
          </text>
          <text id="/data/p_id_sequence:label">
            <value>Digite o número do participante</value>
          </text>
          <text id="/data/p_code_id:label">
            <value>Registre o codigo exclusivo do entrevistadoem cada teste de diagnostico administrado</value>
          </text>
          <text id="/data/p_residence_type:label">
            <value>Zona de residência</value>
          </text>
          <text id="/data/p_residence_type/Rural:label">
            <value>Rural</value>
          </text>
          <text id="/data/p_residence_type/Urbana:label">
            <value>Urbana</value>
          </text>
          <text id="/data/p_house_type:label">
            <value>Tipo de habitação</value>
          </text>
          <text id="/data/p_house_type/Construção convencional:label">
            <value>Construção convencional</value>
          </text>
          <text id="/data/p_house_type/Pau a pique:label">
            <value>Pau a pique</value>
          </text>
          <text id="/data/p_house_type/Madeira e zinco:label">
            <value>Madeira e zinco</value>
          </text>
          <text id="/data/p_house_type/Material local:label">
            <value>Material local</value>
          </text>
          <text id="/data/p_house_type/Adobe:label">
            <value>Adobe</value>
          </text>
          <text id="/data/p_education_degree:label">
            <value>Grau de escolaridade</value>
          </text>
          <text id="/data/p_education_degree/Nunca frequentou a escola:label">
            <value>Nunca frequentou a escola</value>
          </text>
          <text id="/data/p_education_degree/Ensino primário:label">
            <value>Ensino primário</value>
          </text>
          <text id="/data/p_education_degree/Ensino Secundário:label">
            <value>Ensino Secundário</value>
          </text>
          <text id="/data/p_education_degree/Ensino Técnico profissional:label">
            <value>Ensino Técnico profissional</value>
          </text>
          <text id="/data/p_education_degree/Ensino Superior:label">
            <value>Ensino Superior</value>
          </text>
          <text id="/data/p_occupation:label">
            <value>Ocupação</value>
          </text>
          <text id="/data/p_occupation/Desempregado:label">
            <value>Unemployed</value>
          </text>
          <text id="/data/p_occupation/Estudante:label">
            <value>Student</value>
          </text>
          <text id="/data/p_occupation/Agricultor:label">
            <value>Farmer</value>
          </text>
          <text id="/data/p_occupation/Pescador:label">
            <value>Fisherman</value>
          </text>
          <text id="/data/p_occupation/Silvicultura:label">
            <value>Forestry</value>
          </text>
          <text id="/data/p_occupation/Função publica:label">
            <value>Public function</value>
          </text>
          <text id="/data/p_occupation/Empreendedor:label">
            <value>Entrepreneur</value>
          </text>
          <text id="/data/p_occupation/Outro:label">
            <value>Other</value>
          </text>
          <text id="/data/p_participate_last_mda:label">
            <value>Adesão a última quimioterapia preventiva (campanhas de MDA):</value>
          </text>
          <text id="/data/p_participate_last_mda/Sim:label">
            <value>Sim</value>
          </text>
          <text id="/data/p_participate_last_mda/Não:label">
            <value>Não</value>
          </text>
          <text id="/data/p_participate_last_mda/Não me lembro:label">
            <value>Não me lembro</value>
          </text>
          <text id="/data/p_possess_net:label">
            <value>Medidas preventivas contra mosquitos: Posse de rede mosquiteira: Sim/Não</value>
          </text>
          <text id="/data/p_possess_net/Sim:label">
            <value>Sim</value>
          </text>
          <text id="/data/p_possess_net/Nao:label">
            <value>Não</value>
          </text>
          <text id="/data/p_use_net:label">
            <value>Medidas preventivas contra mosquitos: Uso rede mosquiteira: Sim/Não</value>
          </text>
          <text id="/data/p_use_net/Sim:label">
            <value>Sim</value>
          </text>
          <text id="/data/p_use_net/Nao:label">
            <value>Não</value>
          </text>
          <text id="/data/p_disease_knowledge:label">
            <value>Conhecimento da doença (sintomas/sinais):</value>
          </text>
          <text id="/data/p_disease_knowledge/Hidrocelo:label">
            <value>Hidrocelo</value>
          </text>
          <text id="/data/p_disease_knowledge/Paralisia:label">
            <value>Paralisia</value>
          </text>
          <text id="/data/p_disease_knowledge/Linfedema:label">
            <value>Linfedema</value>
          </text>
          <text id="/data/p_disease_knowledge/Barriga grande:label">
            <value>Barriga grande</value>
          </text>
          <text id="/data/p_disease_knowledge/Hematuria:label">
            <value>Hematuria</value>
          </text>
          <text id="/data/p_disease_knowledge/Outro:label">
            <value>Outro --------------</value>
          </text>
          <text id="/data/p_disease_knowledge_other:label">
            <value>Por favor, especifique outro</value>
          </text>
          <text id="/data/p_ending_survey_note:label">
            <value>Você acabou de inserir um valor que encerrará a inquerito</value>
          </text>
          <text id="/data/p_notes:label">
            <value>Notas adicionais</value>
          </text>
        </translation>
      </itext>
      <bind constraint="regex(.,'^[0-9]{2}$')" jr:constraintMsg="jr:itext('/data/p_recorder_id:jr:constraintMsg')" nodeset="/data/p_recorder_id" required="true()" type="int"/>
      <bind nodeset="/data/p_province" required="true()" type="string" db_get="col_1"/>
      <bind nodeset="/data/p_district" required="true()" type="string" db_get="col_2" db_filter_by_col_1="/data/p_province"/>
      <bind nodeset="/data/p_cluster_name" required="true()" type="string" db_get="col_3" db_filter_by_col_2="/data/p_district"/>
      <bind nodeset="/data/p_cluster_id" required="true()" type="string" db_get="col_4" db_filter_by_col_3="/data/p_cluster_name"/>
      <bind nodeset="/data/p_consent" required="true()" type="string"/>
      <bind nodeset="/data/p_sex" relevant=" /data/p_consent  = 'Sim'" required="true()" type="string"/>
      <bind constraint=". &gt;= 5 and . &lt;= 150" jr:constraintMsg="jr:itext('/data/p_age_yrs:jr:constraintMsg')" nodeset="/data/p_age_yrs" relevant=" /data/p_consent  = 'Sim'" required="true()" type="int"/>
      <bind constraint=". &lt;=  /data/p_age_yrs " jr:constraintMsg="jr:itext('/data/p_how_long_lived:jr:constraintMsg')" nodeset="/data/p_how_long_lived" relevant=" /data/p_consent  = 'Sim'" required="true()" type="int"/>
      <bind constraint=". &gt; 0" jr:constraintMsg="jr:itext('/data/p_id_sequence:jr:constraintMsg')" nodeset="/data/p_id_sequence" relevant=" /data/p_consent  = 'Sim'" required="true()" type="int"/>
      <bind calculate="concat( /data/p_cluster_id , '-',  /data/p_recorder_id , '-',  /data/p_id_sequence )" nodeset="/data/p_code_id" readonly="true()" relevant=" /data/p_consent  = 'Sim'" required="true()" type="string"/>
      <bind nodeset="/data/p_residence_type" relevant=" /data/p_consent  = 'Sim'" type="string"/>
      <bind nodeset="/data/p_house_type" relevant=" /data/p_consent  = 'Sim'" type="string"/>
      <bind nodeset="/data/p_education_degree" relevant=" /data/p_consent  = 'Sim'" type="string"/>
      <bind nodeset="/data/p_occupation" relevant=" /data/p_consent  = 'Sim'" type="string"/>
      <bind nodeset="/data/p_participate_last_mda" relevant=" /data/p_consent  = 'Sim'" type="string"/>
      <bind nodeset="/data/p_possess_net" relevant=" /data/p_consent  = 'Sim'" type="string"/>
      <bind nodeset="/data/p_use_net" relevant=" /data/p_consent  = 'Sim'" type="string"/>
      <bind nodeset="/data/p_disease_knowledge" relevant=" /data/p_consent  = 'Sim'" type="string"/>
      <bind nodeset="/data/p_disease_knowledge_other" relevant=" /data/p_disease_knowledge  = 'Outro'" type="string"/>
      <bind nodeset="/data/p_ending_survey_note" readonly="true()" relevant=" /data/p_consent  = 'Nao'" type="string"/>
      <bind nodeset="/data/p_notes" type="string"/>
      <bind jr:preload="timestamp" jr:preloadParams="start" nodeset="/data/p_start" type="dateTime"/>
      <bind jr:preload="timestamp" jr:preloadParams="end" nodeset="/data/p_end" type="dateTime"/>
      <bind jr:preload="uid" nodeset="/data/meta/instanceID" readonly="true()" type="string"/>
    </model>
  </h:head>
  <h:body>
    <input ref="/data/p_recorder_id">
      <label ref="jr:itext('/data/p_recorder_id:label')"/>
      <hint ref="jr:itext('/data/p_recorder_id:hint')"/>
    </input>
    <input ref="/data/p_province">
      <label ref="jr:itext('/data/p_province:label')"/>
    </input>
    <input ref="/data/p_district">
      <label ref="jr:itext('/data/p_district:label')"/>
    </input>
    <input ref="/data/p_cluster_name">
      <label ref="jr:itext('/data/p_cluster_name:label')"/>
    </input>
    <input ref="/data/p_cluster_id">
      <label ref="jr:itext('/data/p_cluster_id:label')"/>
    </input>
    <select1 ref="/data/p_consent">
      <label ref="jr:itext('/data/p_consent:label')"/>
      <item>
        <label ref="jr:itext('/data/p_consent/Sim:label')"/>
        <value>Sim</value>
      </item>
      <item>
        <label ref="jr:itext('/data/p_consent/Nao:label')"/>
        <value>Nao</value>
      </item>
    </select1>
    <select1 ref="/data/p_sex">
      <label ref="jr:itext('/data/p_sex:label')"/>
      <item>
        <label ref="jr:itext('/data/p_sex/Masculino:label')"/>
        <value>Masculino</value>
      </item>
      <item>
        <label ref="jr:itext('/data/p_sex/Feminino:label')"/>
        <value>Feminino</value>
      </item>
    </select1>
    <input ref="/data/p_age_yrs">
      <label ref="jr:itext('/data/p_age_yrs:label')"/>
    </input>
    <input ref="/data/p_how_long_lived">
      <label ref="jr:itext('/data/p_how_long_lived:label')"/>
    </input>
    <input ref="/data/p_id_sequence">
      <label ref="jr:itext('/data/p_id_sequence:label')"/>
    </input>
    <input ref="/data/p_code_id">
      <label ref="jr:itext('/data/p_code_id:label')"/>
    </input>
    <select1 ref="/data/p_residence_type">
      <label ref="jr:itext('/data/p_residence_type:label')"/>
      <item>
        <label ref="jr:itext('/data/p_residence_type/Rural:label')"/>
        <value>Rural</value>
      </item>
      <item>
        <label ref="jr:itext('/data/p_residence_type/Urbana:label')"/>
        <value>Urbana</value>
      </item>
    </select1>
    <select1 ref="/data/p_house_type">
      <label ref="jr:itext('/data/p_house_type:label')"/>
      <item>
        <label ref="jr:itext('/data/p_house_type/Construção convencional:label')"/>
        <value>Construção convencional</value>
      </item>
      <item>
        <label ref="jr:itext('/data/p_house_type/Pau a pique:label')"/>
        <value>Pau a pique</value>
      </item>
      <item>
        <label ref="jr:itext('/data/p_house_type/Madeira e zinco:label')"/>
        <value>Madeira e zinco</value>
      </item>
      <item>
        <label ref="jr:itext('/data/p_house_type/Material local:label')"/>
        <value>Material local</value>
      </item>
      <item>
        <label ref="jr:itext('/data/p_house_type/Adobe:label')"/>
        <value>Adobe</value>
      </item>
    </select1>
    <select1 ref="/data/p_education_degree">
      <label ref="jr:itext('/data/p_education_degree:label')"/>
      <item>
        <label ref="jr:itext('/data/p_education_degree/Nunca frequentou a escola:label')"/>
        <value>Nunca frequentou a escola</value>
      </item>
      <item>
        <label ref="jr:itext('/data/p_education_degree/Ensino primário:label')"/>
        <value>Ensino primário</value>
      </item>
      <item>
        <label ref="jr:itext('/data/p_education_degree/Ensino Secundário:label')"/>
        <value>Ensino Secundário</value>
      </item>
      <item>
        <label ref="jr:itext('/data/p_education_degree/Ensino Técnico profissional:label')"/>
        <value>Ensino Técnico profissional</value>
      </item>
      <item>
        <label ref="jr:itext('/data/p_education_degree/Ensino Superior:label')"/>
        <value>Ensino Superior</value>
      </item>
    </select1>
    <select1 ref="/data/p_occupation">
      <label ref="jr:itext('/data/p_occupation:label')"/>
      <item>
        <label ref="jr:itext('/data/p_occupation/Desempregado:label')"/>
        <value>Desempregado</value>
      </item>
      <item>
        <label ref="jr:itext('/data/p_occupation/Estudante:label')"/>
        <value>Estudante</value>
      </item>
      <item>
        <label ref="jr:itext('/data/p_occupation/Agricultor:label')"/>
        <value>Agricultor</value>
      </item>
      <item>
        <label ref="jr:itext('/data/p_occupation/Pescador:label')"/>
        <value>Pescador</value>
      </item>
      <item>
        <label ref="jr:itext('/data/p_occupation/Silvicultura:label')"/>
        <value>Silvicultura</value>
      </item>
      <item>
        <label ref="jr:itext('/data/p_occupation/Função publica:label')"/>
        <value>Função publica</value>
      </item>
      <item>
        <label ref="jr:itext('/data/p_occupation/Empreendedor:label')"/>
        <value>Empreendedor</value>
      </item>
      <item>
        <label ref="jr:itext('/data/p_occupation/Outro:label')"/>
        <value>Outro</value>
      </item>
    </select1>
    <select1 ref="/data/p_participate_last_mda">
      <label ref="jr:itext('/data/p_participate_last_mda:label')"/>
      <item>
        <label ref="jr:itext('/data/p_participate_last_mda/Sim:label')"/>
        <value>Sim</value>
      </item>
      <item>
        <label ref="jr:itext('/data/p_participate_last_mda/Não:label')"/>
        <value>Não</value>
      </item>
      <item>
        <label ref="jr:itext('/data/p_participate_last_mda/Não me lembro:label')"/>
        <value>Não me lembro</value>
      </item>
    </select1>
    <select1 ref="/data/p_possess_net">
      <label ref="jr:itext('/data/p_possess_net:label')"/>
      <item>
        <label ref="jr:itext('/data/p_possess_net/Sim:label')"/>
        <value>Sim</value>
      </item>
      <item>
        <label ref="jr:itext('/data/p_possess_net/Nao:label')"/>
        <value>Nao</value>
      </item>
    </select1>
    <select1 ref="/data/p_use_net">
      <label ref="jr:itext('/data/p_use_net:label')"/>
      <item>
        <label ref="jr:itext('/data/p_use_net/Sim:label')"/>
        <value>Sim</value>
      </item>
      <item>
        <label ref="jr:itext('/data/p_use_net/Nao:label')"/>
        <value>Nao</value>
      </item>
    </select1>
    <select1 ref="/data/p_disease_knowledge">
      <label ref="jr:itext('/data/p_disease_knowledge:label')"/>
      <item>
        <label ref="jr:itext('/data/p_disease_knowledge/Hidrocelo:label')"/>
        <value>Hidrocelo</value>
      </item>
      <item>
        <label ref="jr:itext('/data/p_disease_knowledge/Paralisia:label')"/>
        <value>Paralisia</value>
      </item>
      <item>
        <label ref="jr:itext('/data/p_disease_knowledge/Linfedema:label')"/>
        <value>Linfedema</value>
      </item>
      <item>
        <label ref="jr:itext('/data/p_disease_knowledge/Barriga grande:label')"/>
        <value>Barriga grande</value>
      </item>
      <item>
        <label ref="jr:itext('/data/p_disease_knowledge/Hematuria:label')"/>
        <value>Hematuria</value>
      </item>
      <item>
        <label ref="jr:itext('/data/p_disease_knowledge/Outro:label')"/>
        <value>Outro</value>
      </item>
    </select1>
    <input ref="/data/p_disease_knowledge_other">
      <label ref="jr:itext('/data/p_disease_knowledge_other:label')"/>
    </input>
    <input ref="/data/p_ending_survey_note">
      <label ref="jr:itext('/data/p_ending_survey_note:label')"/>
    </input>
    <input ref="/data/p_notes">
      <label ref="jr:itext('/data/p_notes:label')"/>
    </input>
  </h:body>
</h:html>
